name,atime,mtime
VOTACION_10_00002_1822.txt.zip,1621280550,1621203773
VOTACION_10_00006_1836.txt.zip,1621280552,1621204628
VOTACION_10_00030_1853.txt.zip,1621280554,1621205660
VOTACION_10_00082_1906.txt.zip,1621280555,1621206558
VOTACION_10_00204_1923.txt.zip,1621280557,1621207487
VOTACION_10_00447_1936.txt.zip,1621280559,1621208243
VOTACION_10_00826_1951.txt.zip,1621280560,1621209124
VOTACION_10_01294_2006.txt.zip,1621280562,1621210020
VOTACION_10_01900_2022.txt.zip,1621280564,1621210976
VOTACION_10_02484_2037.txt.zip,1621280566,1621211883
VOTACION_10_03090_2052.txt.zip,1621280567,1621212805
VOTACION_10_03736_2109.txt.zip,1621280569,1621213839
VOTACION_10_04301_2125.txt.zip,1621280571,1621214920
VOTACION_10_04980_2137.txt.zip,1621280572,1621215525
VOTACION_10_05532_2153.txt.zip,1621280574,1621216469
VOTACION_10_06157_2208.txt.zip,1621280575,1621217381
VOTACION_10_06551_2225.txt.zip,1621280577,1621218351
VOTACION_10_07916_2322.txt.zip,1621280579,1621221828
VOTACION_10_08351_2356.txt.zip,1621280581,1621223809
VOTACION_10_08725_0022.txt.zip,1621280582,1621225367
VOTACION_10_08890_0037.txt.zip,1621280584,1621226306
VOTACION_10_09034_0054.txt.zip,1621280585,1621230893
VOTACION_10_09884_0609.txt.zip,1621280587,1621246445
VOTACION_11_00000_1819.txt.zip,1621280589,1621203609
VOTACION_11_00000_1833.txt.zip,1621280590,1621204456
VOTACION_11_00006_1848.txt.zip,1621280591,1621205313
VOTACION_11_00025_1903.txt.zip,1621280593,1621206281
VOTACION_11_00059_1918.txt.zip,1621280594,1621207113
VOTACION_11_00154_1934.txt.zip,1621280595,1621208109
VOTACION_11_00333_1948.txt.zip,1621280597,1621208909
VOTACION_11_00599_2003.txt.zip,1621280598,1621209824
VOTACION_11_00932_2020.txt.zip,1621280599,1621210859
VOTACION_11_01279_2033.txt.zip,1621280600,1621211636
VOTACION_11_01785_2048.txt.zip,1621280602,1621212527
VOTACION_11_02311_2106.txt.zip,1621280603,1621213613
VOTACION_11_02854_2118.txt.zip,1621280604,1621214349
VOTACION_11_03383_2134.txt.zip,1621280606,1621215384
VOTACION_11_03990_2148.txt.zip,1621280607,1621216155
VOTACION_11_04600_2204.txt.zip,1621280608,1621217108
VOTACION_11_05143_2218.txt.zip,1621280609,1621218080
VOTACION_11_06911_2321.txt.zip,1621280611,1621221677
VOTACION_11_07546_2349.txt.zip,1621280612,1621223386
VOTACION_11_08123_0018.txt.zip,1621280613,1621225406
VOTACION_11_08310_0033.txt.zip,1621280615,1621226111
VOTACION_11_08500_0051.txt.zip,1621280616,1621227120
VOTACION_11_09482_0607.txt.zip,1621280617,1621246445
VOTACION_12_00002_1820.txt.zip,1621280618,1621203721
VOTACION_12_00003_1834.txt.zip,1621280620,1621204480
VOTACION_12_00038_1903.txt.zip,1621280621,1621206266
VOTACION_12_00082_1921.txt.zip,1621280623,1621207396
VOTACION_12_00214_1933.txt.zip,1621280624,1621208064
VOTACION_12_00433_1949.txt.zip,1621280625,1621208972
VOTACION_12_00702_2005.txt.zip,1621280627,1621210011
VOTACION_12_01053_2019.txt.zip,1621280628,1621210803
VOTACION_12_01503_2034.txt.zip,1621280630,1621211706
VOTACION_12_02053_2050.txt.zip,1621280631,1621212672
VOTACION_12_02588_2105.txt.zip,1621280632,1621213566
VOTACION_12_03075_2123.txt.zip,1621280634,1621214645
VOTACION_12_03709_2135.txt.zip,1621280635,1621215329
VOTACION_12_04221_2150.txt.zip,1621280637,1621216222
VOTACION_12_04730_2206.txt.zip,1621280638,1621217838
VOTACION_12_05179_2219.txt.zip,1621280640,1621218445
VOTACION_12_06918_2319.txt.zip,1621280641,1621221700
VOTACION_12_07556_2351.txt.zip,1621280642,1621223518
VOTACION_12_07980_0021.txt.zip,1621280644,1621225426
VOTACION_12_08219_0034.txt.zip,1621280645,1621226282
VOTACION_12_08418_0050.txt.zip,1621280647,1621227028
VOTACION_12_09396_0607.txt.zip,1621280648,1621246445
VOTACION_13_00000_1819.txt.zip,1621280650,1621203602
VOTACION_13_00000_1833.txt.zip,1621280651,1621204449
VOTACION_13_00004_1848.txt.zip,1621280652,1621205326
VOTACION_13_00007_1903.txt.zip,1621280653,1621206210
VOTACION_13_00043_1918.txt.zip,1621280654,1621207112
VOTACION_13_00121_1934.txt.zip,1621280656,1621208070
VOTACION_13_00238_1948.txt.zip,1621280657,1621208908
VOTACION_13_00512_2003.txt.zip,1621280658,1621209845
VOTACION_13_00842_2018.txt.zip,1621280659,1621210717
VOTACION_13_01204_2035.txt.zip,1621280661,1621211868
VOTACION_13_01716_2048.txt.zip,1621280662,1621212515
VOTACION_13_02227_2103.txt.zip,1621280663,1621213431
VOTACION_13_02796_2123.txt.zip,1621280664,1621214619
VOTACION_13_03293_2134.txt.zip,1621280666,1621215338
VOTACION_13_03872_2151.txt.zip,1621280667,1621216277
VOTACION_13_04519_2207.txt.zip,1621280668,1621217837
VOTACION_13_05165_2219.txt.zip,1621280669,1621218285
VOTACION_13_06860_2319.txt.zip,1621280671,1621221644
VOTACION_13_07574_2353.txt.zip,1621280672,1621223623
VOTACION_13_08085_0021.txt.zip,1621280673,1621225298
VOTACION_13_08306_0035.txt.zip,1621280674,1621226290
VOTACION_13_08547_0052.txt.zip,1621280676,1621227216
VOTACION_13_09520_0606.txt.zip,1621280677,1621246444
VOTACION_14_00000_1818.txt.zip,1621280678,1621203565
VOTACION_14_00000_1833.txt.zip,1621280679,1621204592
VOTACION_14_00014_1851.txt.zip,1621280681,1621205481
VOTACION_14_00055_1903.txt.zip,1621280682,1621206199
VOTACION_14_00123_1921.txt.zip,1621280683,1621207303
VOTACION_14_00191_1933.txt.zip,1621280684,1621208059
VOTACION_14_00296_1949.txt.zip,1621280686,1621208972
VOTACION_14_00561_2003.txt.zip,1621280687,1621209845
VOTACION_14_00898_2018.txt.zip,1621280688,1621210719
VOTACION_14_01226_2035.txt.zip,1621280689,1621211761
VOTACION_14_01659_2048.txt.zip,1621280691,1621212515
VOTACION_14_02097_2107.txt.zip,1621280692,1621213657
VOTACION_14_02616_2118.txt.zip,1621280693,1621214327
VOTACION_14_03113_2135.txt.zip,1621280694,1621215601
VOTACION_14_03614_2152.txt.zip,1621280696,1621216375
VOTACION_14_04152_2203.txt.zip,1621280697,1621217056
VOTACION_14_04686_2218.txt.zip,1621280698,1621218093
VOTACION_14_06518_2321.txt.zip,1621280699,1621221720
VOTACION_14_07366_2351.txt.zip,1621280701,1621223499
VOTACION_14_08036_0020.txt.zip,1621280702,1621225274
VOTACION_14_08282_0033.txt.zip,1621280703,1621226081
VOTACION_14_08459_0049.txt.zip,1621280704,1621226964
VOTACION_14_09549_0607.txt.zip,1621280706,1621246554
VOTACION_15_00000_1818.txt.zip,1621280707,1621203563
VOTACION_15_00001_1833.txt.zip,1621280708,1621204435
VOTACION_15_00011_1848.txt.zip,1621280710,1621205349
VOTACION_15_00025_1903.txt.zip,1621280711,1621206256
VOTACION_15_00076_1918.txt.zip,1621280712,1621207123
VOTACION_15_00199_1933.txt.zip,1621280713,1621208026
VOTACION_15_00400_1951.txt.zip,1621280715,1621209086
VOTACION_15_00686_2003.txt.zip,1621280716,1621209845
VOTACION_15_01053_2021.txt.zip,1621280718,1621210944
VOTACION_15_01458_2034.txt.zip,1621280719,1621211693
VOTACION_15_01932_2048.txt.zip,1621280720,1621212554
VOTACION_15_02464_2104.txt.zip,1621280721,1621213487
VOTACION_15_03049_2119.txt.zip,1621280723,1621214384
VOTACION_15_03586_2137.txt.zip,1621280724,1621215699
VOTACION_15_04135_2150.txt.zip,1621280725,1621216275
VOTACION_15_04716_2206.txt.zip,1621280727,1621217826
VOTACION_15_05257_2220.txt.zip,1621280728,1621218274
VOTACION_15_06928_2319.txt.zip,1621280729,1621221684
VOTACION_15_07536_2351.txt.zip,1621280731,1621223505
VOTACION_15_08066_0020.txt.zip,1621280732,1621225244
VOTACION_15_08249_0037.txt.zip,1621280733,1621226413
VOTACION_15_08432_0049.txt.zip,1621280734,1621227041
VOTACION_15_09504_0607.txt.zip,1621280736,1621246445
VOTACION_16_00056_1817.txt.zip,1621280737,1621203486
VOTACION_16_00056_1834.txt.zip,1621280738,1621204461
VOTACION_16_00224_1847.txt.zip,1621280739,1621205280
VOTACION_16_00560_1902.txt.zip,1621280740,1621206185
VOTACION_16_01036_1917.txt.zip,1621280741,1621207082
VOTACION_16_01625_1932.txt.zip,1621280743,1621208015
VOTACION_16_02353_1947.txt.zip,1621280744,1621208889
VOTACION_16_03193_2003.txt.zip,1621280745,1621209851
VOTACION_16_04006_2018.txt.zip,1621280746,1621210715
VOTACION_16_04930_2033.txt.zip,1621280747,1621211669
VOTACION_16_05770_2050.txt.zip,1621280748,1621212641
VOTACION_16_06387_2103.txt.zip,1621280749,1621213420
VOTACION_16_07003_2120.txt.zip,1621280750,1621214423
VOTACION_16_07199_2133.txt.zip,1621280751,1621215225
VOTACION_16_07591_2148.txt.zip,1621280752,1621216127
VOTACION_16_07843_2203.txt.zip,1621280753,1621217045
VOTACION_16_07955_2220.txt.zip,1621280754,1621218082
VOTACION_16_08852_2319.txt.zip,1621280755,1621221571
VOTACION_16_09076_2349.txt.zip,1621280756,1621223364
VOTACION_16_09272_0019.txt.zip,1621280758,1621225206
VOTACION_16_09328_0035.txt.zip,1621280759,1621226120
VOTACION_16_09468_0049.txt.zip,1621280760,1621227028
VOTACION_16_09692_0608.txt.zip,1621280761,1621246445
VOTACION_17_00200_1817.txt.zip,1621280762,1621203481
VOTACION_17_00200_1832.txt.zip,1621280763,1621204397
VOTACION_17_00200_1848.txt.zip,1621280764,1621205338
VOTACION_17_00400_1904.txt.zip,1621280765,1621206308
VOTACION_17_00700_1917.txt.zip,1621280766,1621207112
VOTACION_17_00900_1932.txt.zip,1621280767,1621208010
VOTACION_17_01200_1947.txt.zip,1621280768,1621209102
VOTACION_17_01600_2005.txt.zip,1621280769,1621209946
VOTACION_17_02600_2018.txt.zip,1621280770,1621210872
VOTACION_17_03300_2033.txt.zip,1621280771,1621211632
VOTACION_17_03900_2050.txt.zip,1621280772,1621212638
VOTACION_17_04700_2105.txt.zip,1621280773,1621213562
VOTACION_17_05400_2118.txt.zip,1621280774,1621214311
VOTACION_17_06000_2133.txt.zip,1621280775,1621215221
VOTACION_17_07000_2148.txt.zip,1621280777,1621216126
VOTACION_17_07400_2207.txt.zip,1621280778,1621217250
VOTACION_17_07500_2222.txt.zip,1621280779,1621218193
VOTACION_17_08500_2320.txt.zip,1621280780,1621221697
VOTACION_17_09000_2349.txt.zip,1621280781,1621223357
VOTACION_17_09400_0018.txt.zip,1621280782,1621225116
VOTACION_17_09400_0033.txt.zip,1621280783,1621226276
VOTACION_17_09800_0051.txt.zip,1621280784,1621227219
VOTACION_17_09900_0606.txt.zip,1621280785,1621246445
VOTACION_18_00000_1820.txt.zip,1621280786,1621203626
VOTACION_18_00000_1835.txt.zip,1621280787,1621204608
VOTACION_18_00011_1847.txt.zip,1621280788,1621205290
VOTACION_18_00022_1904.txt.zip,1621280789,1621206289
VOTACION_18_00065_1917.txt.zip,1621280790,1621207116
VOTACION_18_00130_1935.txt.zip,1621280792,1621208144
VOTACION_18_00325_1947.txt.zip,1621280793,1621209015
VOTACION_18_00509_2002.txt.zip,1621280794,1621209789
VOTACION_18_00813_2020.txt.zip,1621280795,1621210859
VOTACION_18_01213_2033.txt.zip,1621280796,1621211632
VOTACION_18_01679_2048.txt.zip,1621280797,1621212519
VOTACION_18_02048_2106.txt.zip,1621280798,1621213607
VOTACION_18_02589_2118.txt.zip,1621280799,1621214343
VOTACION_18_02914_2133.txt.zip,1621280800,1621215374
VOTACION_18_03434_2148.txt.zip,1621280801,1621216277
VOTACION_18_04605_2218.txt.zip,1621280802,1621218070
VOTACION_18_06522_2320.txt.zip,1621280803,1621221666
VOTACION_18_07161_2349.txt.zip,1621280804,1621223376
VOTACION_18_07866_0018.txt.zip,1621280805,1621225422
VOTACION_18_08191_0033.txt.zip,1621280807,1621226107
VOTACION_18_08310_0049.txt.zip,1621280808,1621226966
VOTACION_18_09534_0606.txt.zip,1621280809,1621246445
VOTACION_1_00286_2023.txt.zip,1621280810,1621211072
VOTACION_1_00475_2036.txt.zip,1621280811,1621211816
VOTACION_1_00763_2051.txt.zip,1621280813,1621212736
VOTACION_1_01134_2107.txt.zip,1621280814,1621213657
VOTACION_1_01660_2121.txt.zip,1621280816,1621214522
VOTACION_1_02228_2139.txt.zip,1621280817,1621215613
VOTACION_1_02846_2152.txt.zip,1621280819,1621216459
VOTACION_1_03557_2209.txt.zip,1621280820,1621217507
VOTACION_1_04199_2222.txt.zip,1621280822,1621218197
VOTACION_1_04837_2235.txt.zip,1621280823,1621218945
VOTACION_1_05479_2250.txt.zip,1621280825,1621219919
VOTACION_1_06100_2305.txt.zip,1621280826,1621220905
VOTACION_1_06649_2321.txt.zip,1621280828,1621221717
VOTACION_1_07135_2337.txt.zip,1621280829,1621223849
VOTACION_1_07941_0005.txt.zip,1621280831,1621224371
VOTACION_1_08278_0022.txt.zip,1621280833,1621225362
VOTACION_1_08574_0037.txt.zip,1621280834,1621226378
VOTACION_1_08834_0053.txt.zip,1621280835,1621227225
VOTACION_1_09054_0105.txt.zip,1621280837,1621227966
VOTACION_1_09224_0121.txt.zip,1621280839,1621228955
VOTACION_1_09352_0139.txt.zip,1621280840,1621230063
VOTACION_1_09467_0149.txt.zip,1621280842,1621230783
VOTACION_1_09989_0621.txt.zip,1621280843,1621247362
VOTACION_2_00413_2108.txt.zip,1621280845,1621213873
VOTACION_2_00700_2121.txt.zip,1621280846,1621214512
VOTACION_2_01030_2136.txt.zip,1621280848,1621215458
VOTACION_2_01433_2154.txt.zip,1621280849,1621216495
VOTACION_2_01868_2209.txt.zip,1621280850,1621217367
VOTACION_2_02383_2222.txt.zip,1621280852,1621218202
VOTACION_2_02977_2235.txt.zip,1621280853,1621218946
VOTACION_2_03655_2252.txt.zip,1621280855,1621219990
VOTACION_2_04355_2304.txt.zip,1621280856,1621220730
VOTACION_2_05006_2320.txt.zip,1621280858,1621221682
VOTACION_2_05622_2334.txt.zip,1621280859,1621222498
VOTACION_2_06266_2352.txt.zip,1621280861,1621223561
VOTACION_2_06824_0005.txt.zip,1621280862,1621224354
VOTACION_2_07349_0021.txt.zip,1621280864,1621225574
VOTACION_2_07744_0038.txt.zip,1621280865,1621226350
VOTACION_2_08119_0054.txt.zip,1621280866,1621227310
VOTACION_2_08453_0104.txt.zip,1621280868,1621227906
VOTACION_2_08776_0121.txt.zip,1621280870,1621228947
VOTACION_2_09034_0136.txt.zip,1621280871,1621229807
VOTACION_2_09987_0620.txt.zip,1621280872,1621247362
VOTACION_2_09988_0638.txt.zip,1621280874,1621248065
VOTACION_3_01221_2238.txt.zip,1621280876,1621219175
VOTACION_3_01597_2253.txt.zip,1621280877,1621220109
VOTACION_3_02091_2307.txt.zip,1621280879,1621221061
VOTACION_3_03174_2339.txt.zip,1621280881,1621222816
VOTACION_3_04418_0008.txt.zip,1621280882,1621224770
VOTACION_3_06823_0108.txt.zip,1621280884,1621228226
VOTACION_3_07327_0124.txt.zip,1621280886,1621229090
VOTACION_3_07797_0140.txt.zip,1621280888,1621230068
VOTACION_3_09954_0625.txt.zip,1621280890,1621247362
VOTACION_8_00002_1822.txt.zip,1621280892,1621203934
VOTACION_8_00007_1837.txt.zip,1621280893,1621204735
VOTACION_8_00023_1853.txt.zip,1621280895,1621205797
VOTACION_8_00115_1907.txt.zip,1621280897,1621206510
VOTACION_8_00385_1924.txt.zip,1621280899,1621207515
VOTACION_8_00887_1937.txt.zip,1621280901,1621208384
VOTACION_8_01533_1953.txt.zip,1621280904,1621209390
VOTACION_8_02306_2008.txt.zip,1621280906,1621210226
VOTACION_8_03201_2024.txt.zip,1621280908,1621211202
VOTACION_8_03990_2039.txt.zip,1621280910,1621212099
VOTACION_8_04720_2054.txt.zip,1621280912,1621212931
VOTACION_8_05348_2109.txt.zip,1621280914,1621214954
VOTACION_8_06432_2140.txt.zip,1621280917,1621216720
VOTACION_8_07271_2209.txt.zip,1621280918,1621217438
VOTACION_8_07655_2225.txt.zip,1621280921,1621218430
VOTACION_8_07929_2238.txt.zip,1621280923,1621221133
VOTACION_8_08615_2325.txt.zip,1621280925,1621221975
VOTACION_8_08795_2338.txt.zip,1621280927,1621222728
VOTACION_8_08960_2357.txt.zip,1621280929,1621223904
VOTACION_8_09105_0003.txt.zip,1621280931,1621224298
VOTACION_8_09105_0009.txt.zip,1621280933,1621224647
VOTACION_8_09241_0025.txt.zip,1621280935,1621225542
VOTACION_8_09352_0041.txt.zip,1621280937,1621226818
VOTACION_8_09454_0047.txt.zip,1621280939,1621227026
VOTACION_8_09454_0057.txt.zip,1621280940,1621228231
VOTACION_8_09622_0124.txt.zip,1621280943,1621230824
VOTACION_8_09991_0612.txt.zip,1621280945,1621246445
VOTACION_9_00000_1818.txt.zip,1621280947,1621203498
VOTACION_9_00000_1832.txt.zip,1621280948,1621204411
VOTACION_9_00041_1847.txt.zip,1621280949,1621205270
VOTACION_9_00110_1902.txt.zip,1621280951,1621206191
VOTACION_9_00234_1917.txt.zip,1621280952,1621207061
VOTACION_9_00303_1932.txt.zip,1621280953,1621207970
VOTACION_9_00538_1947.txt.zip,1621280954,1621209076
VOTACION_9_00883_2003.txt.zip,1621280955,1621209807
VOTACION_9_01241_2018.txt.zip,1621280956,1621210706
VOTACION_9_01655_2033.txt.zip,1621280957,1621211632
VOTACION_9_02152_2050.txt.zip,1621280958,1621212637
VOTACION_9_02524_2105.txt.zip,1621280959,1621213562
VOTACION_9_03034_2120.txt.zip,1621280960,1621214423
VOTACION_9_03434_2134.txt.zip,1621280961,1621215361
VOTACION_9_04041_2150.txt.zip,1621280962,1621216271
VOTACION_9_04524_2204.txt.zip,1621280964,1621217071
VOTACION_9_05007_2219.txt.zip,1621280965,1621217984
VOTACION_9_06441_2319.txt.zip,1621280966,1621221571
VOTACION_9_07007_2351.txt.zip,1621280967,1621223522
VOTACION_9_07490_0021.txt.zip,1621280968,1621225441
VOTACION_9_07697_0033.txt.zip,1621280969,1621226105
VOTACION_9_07917_0049.txt.zip,1621280970,1621226980
VOTACION_9_09090_0606.txt.zip,1621280971,1621246445
