cod_zona,glosa_zona,votos_2016,votos_2017,votos_2020,electores_2016,electores_2017,electores_2020,electores_2021,part_2016,part_2017,part_2020
2739,AYSEN,7817,8795,8984,21576,21890,22398,22587,0.3623007044864665,0.4017816354499771,0.4011072417180105
2564,ALGARROBO,5854,6329,7086,11560,11810,12896,13779,0.506401384083045,0.5359017781541067,0.5494727047146402
2801,ALHUE,3105,2203,2640,5813,5776,6004,6153,0.5341476002064338,0.3814058171745152,0.4397068620919387
2674,ALTO BIOBIO,3149,1876,1805,5319,5290,5483,5557,0.5920285768001504,0.3546313799621928,0.3291993434251322
2523,ALTO DEL CARMEN,2633,1927,1817,4858,4786,4871,5202,0.5419925895430219,0.402632678646051,0.3730240197084788
2502,ALTO HOSPICIO,14113,18684,26129,48675,51451,57742,58683,0.2899435028248588,0.3631416299002935,0.452512902220221
2717,ANCUD,16210,15484,14360,37520,37998,38601,38845,0.4320362473347548,0.4074951313227012,0.3720110877956529
2528,ANDACOLLO,5847,5160,6071,11013,11040,11221,11296,0.5309180059929175,0.4673913043478261,0.5410391230728099
2696,ANGOL,18382,21288,19538,46099,46499,47395,47137,0.3987505151955574,0.4578162971246694,0.4122375778035658
2508,ANTOFAGASTA,66198,108615,144073,260299,264504,284389,286950,0.2543152297934299,0.4106365121132384,0.506605389097328
2662,ANTUCO,2517,1872,1793,4378,4440,4558,4718,0.5749200548195523,0.4216216216216217,0.3933742869679684
2655,ARAUCO,13321,14354,14467,29547,29925,30844,31158,0.4508410329305852,0.4796658312447786,0.4690377382959409
2822,ARICA,48981,71229,84201,168409,172372,180315,180060,0.2908455011311747,0.4132283665560532,0.4669661425838116
2797,BUIN,27297,31858,40566,64927,67229,73511,75333,0.4204260169113004,0.4738728822383198,0.5518357796792317
2827,BULNES,10111,9680,7926,19906,20161,20518,20535,0.5079373053350749,0.4801349139427608,0.3862949605224681
2554,CABILDO,8737,8331,9099,17704,17830,18037,18038,0.4935042928151829,0.4672462142456534,0.5044630481787437
2751,CABO DE HORNOS(EX-NAVARINO) Y ANTARTICA,865,779,645,2017,1943,1916,2182,0.428854734754586,0.4009264024704066,0.3366388308977035
2663,CABRERO,13995,11042,10055,23844,24289,24926,25103,0.5869401107196779,0.4546090823006299,0.4033940463772767
2512,CALAMA,34782,50589,62826,122815,125030,132447,132333,0.2832064487236901,0.4046148924258178,0.4743482298579809
2708,CALBUCO,12158,11893,11311,30439,30955,31956,32409,0.3994217944084891,0.3842028751413342,0.3539554387282514
2518,CALDERA,6593,6153,8023,13668,13921,14652,15024,0.4823675738952297,0.4419941096185619,0.5475702975702975
2559,CALERA,17478,20524,24215,43763,44286,44986,44980,0.3993784703973676,0.46344217134083,0.5382785755568399
2798,CALERA DE TANGO,10057,11810,12750,20910,21303,22016,22305,0.4809660449545672,0.5543820119232034,0.579124273255814
2550,CALLE LARGA,5147,5480,6609,10477,10666,11265,11445,0.491266583945786,0.5137821113819614,0.5866844207723036
2823,CAMARONES,2475,1143,919,4551,4023,3471,3392,0.5438365194462755,0.2841163310961969,0.2647651973494669
2504,CAMIÑA,1662,764,513,2978,2820,2549,2802,0.5580926796507724,0.2709219858156028,0.2012553942722636
2533,CANELA,5392,4098,3781,8591,8778,8913,9047,0.6276335700151321,0.4668489405331511,0.4242118254235386
2676,CARAHUE,11691,10262,7262,23709,24051,24601,24697,0.4931038846007845,0.4266766454617272,0.2951912523881143
2565,CARTAGENA,7715,8401,9075,16962,17294,17721,18227,0.4548402311048225,0.4857754134381866,0.5121042830540037
2542,CASABLANCA,9464,10239,11508,21105,21299,22139,22469,0.448424543946932,0.4807267946851965,0.5198066760016261
2716,CASTRO,13592,16062,16660,38678,39467,41089,41394,0.3514142406536016,0.4069729140801175,0.4054613156805958
2570,CATEMU,5734,5411,5965,11566,11716,12039,12182,0.4957634445789383,0.4618470467736429,0.4954730459340477
2622,CAUQUENES,17530,17217,13062,36979,37336,37616,37610,0.474052840801536,0.4611367045211056,0.3472458528285836
2656,CAÑETE,12542,12048,10523,28368,28748,29343,29478,0.4421178793006204,0.4190900236538194,0.3586204546229084
2759,CERRILLOS,21571,31945,37316,67584,67804,67845,67537,0.3191731770833333,0.4711373960238334,0.5500184243496204
2760,CERRO NAVIA,36525,50772,64105,116423,116335,116544,115479,0.3137266691289522,0.4364292775175141,0.5500497666117518
2733,CHAITEN,2200,1437,1363,5155,5124,5065,5169,0.4267701260911736,0.2804449648711944,0.269101678183613
2623,CHANCO,5963,4459,2810,9209,9193,9250,9488,0.6475187316755348,0.4850429674752529,0.3037837837837838
2520,CHAÑARAL,5571,5052,5764,11727,11818,11989,12045,0.4750575594781274,0.42748349974615,0.4807740428726333
2603,CHEPICA,6866,5566,4915,13299,13377,13593,13750,0.5162794195052259,0.4160873140464977,0.3615831678069595
2644,CHIGUAYANTE,23799,33210,38309,63907,64745,66892,67398,0.3724005195049056,0.5129353618040003,0.5726992764456138
2745,CHILE CHICO,2467,2061,1685,6184,6209,6387,6456,0.3989327296248383,0.3319375100660332,0.2638171285423517
2826,CHILLAN,49523,71265,75554,146514,148780,152870,152723,0.3380086544630547,0.4789958327732222,0.4942369333420553
2828,CHILLAN VIEJO,8971,10444,11273,19485,19940,21631,22462,0.4604054400821144,0.5237713139418255,0.5211502011002728
2604,CHIMBARONGO,13789,14432,13902,28809,29249,30271,30510,0.4786351487382415,0.4934185784129372,0.4592514287601995
2695,CHOLCHOL,5975,5094,4218,9811,9938,10384,11095,0.6090102945673224,0.5125779834976857,0.4062018489984592
2718,CHONCHI,6724,5348,3638,12160,12354,12960,13190,0.5529605263157895,0.4328962279423668,0.2807098765432099
2740,CISNES,2194,1764,1740,4165,4253,4479,4569,0.5267707082833133,0.4147660474958853,0.3884795713328868
2836,COBQUECURA,4311,2755,2075,5735,5647,5643,5884,0.7517000871839582,0.4878696653090137,0.367712209817473
2709,COCHAMO,2207,1478,1159,4477,4438,4479,4642,0.4929640384185839,0.3330328977016674,0.2587631167671355
2742,COCHRANE,1442,1383,1181,3192,3267,3360,3384,0.4517543859649123,0.4233241505968779,0.3514880952380952
2580,CODEGUA,6209,5039,5932,10712,10799,11297,11680,0.5796303211351755,0.4666172793777202,0.5250951580065504
2837,COELEMU,9035,7747,6789,14821,14930,15253,15414,0.6096079886647324,0.5188881446751507,0.4450927686356782
2843,COIHUECO,12065,9835,7229,20525,20925,21839,22169,0.5878197320341048,0.4700119474313023,0.3310133247859334
2581,COINCO,3681,3122,3346,6704,6809,7011,7240,0.5490751789976134,0.4585107945366427,0.4772500356582513
2635,COLBUN,9951,8622,6924,16710,17015,17932,18445,0.5955116696588869,0.506729356450191,0.3861253624804818
2505,COLCHANE,2138,646,524,3765,3379,2995,3463,0.5678618857901726,0.1911808227286179,0.1749582637729549
2793,COLINA,24250,37573,49450,74843,79070,87987,90446,0.3240115976109989,0.4751865435689895,0.5620148431018218
2697,COLLIPULLI,10220,9485,8340,21376,21603,21994,22160,0.4781062874251497,0.439059389899551,0.3791943257251978
2582,COLTAUCO,7386,6771,7567,14950,15198,15903,16168,0.4940468227424749,0.4455191472562179,0.4758221719172483
2537,COMBARBALA,6437,5409,5074,12348,12406,12460,12550,0.5212989957887917,0.435998710301467,0.4072231139646869
2642,CONCEPCION,56552,97046,104533,198961,199158,201159,201066,0.2842366091847146,0.4872814549252352,0.5196536073454332
2761,CONCHALI,31369,55794,65349,121265,120866,119859,118624,0.2586814002391457,0.4616186520609601,0.5452156283633269
2543,CONCON,15454,20565,24384,34300,35636,38162,39439,0.4505539358600583,0.5770849702547985,0.6389602222105759
2613,CONSTITUCION,18715,17949,18314,38421,38901,39911,40000,0.4871034069909685,0.4614020205136115,0.4588709879481847
2657,CONTULMO,3557,2595,2094,5779,5834,6025,6052,0.615504412528119,0.4448063078505314,0.347551867219917
2517,COPIAPO,40190,51897,60971,116156,117897,123347,123973,0.3460002066186852,0.4401893177943459,0.4943046851565097
2527,COQUIMBO,40811,68739,81691,152428,156212,165547,167854,0.2677395229222978,0.4400366169052313,0.4934610714781905
2643,CORONEL,36538,41697,44303,85044,86427,88986,89810,0.4296364234984244,0.4824533999791732,0.4978648326703077
2811,CORRAL,3210,2573,2379,5441,5397,5446,5565,0.5899650799485389,0.4767463405595702,0.4368343738523687
2737,COYHAIQUE,14924,21134,22515,51827,52542,53940,54229,0.2879580141625022,0.4022305964752008,0.4174082313681869
2677,CUNCO,8574,7566,6082,19297,19463,19878,20001,0.4443177696014924,0.3887376046858141,0.3059663950095583
2698,CURACAUTIN,6740,7186,5923,20536,20745,20992,21202,0.3282041293338527,0.3463967221017112,0.2821551067073171
2802,CURACAVI,11383,12439,14789,23570,24246,25834,26345,0.4829444208739924,0.5130330776210509,0.5724626461252613
2719,CURACO DE VELEZ,2288,1371,1315,3637,3636,3714,3797,0.6290899092658785,0.3770627062706271,0.3540656973613355
2658,CURANILAHUE,13982,13624,13158,30054,30333,30642,30624,0.4652292540094496,0.4491477928328883,0.4294106128842765
2678,CURARREHUE,3955,2990,2655,7887,7952,8322,8517,0.5014580956003549,0.3760060362173038,0.3190338860850757
2614,CUREPTO,5635,4582,3560,10117,10152,10149,10310,0.5569832954433133,0.4513396375098503,0.3507734752192334
2625,CURICO,41959,57127,63012,110981,112702,117175,117810,0.3780737243311919,0.5068854146332807,0.5377597610411777
2720,DALCAHUE,5226,4143,4012,11254,11537,12332,12598,0.4643682246312422,0.3591054866949814,0.3253324683749594
2521,DIEGO DE ALMAGRO,4750,4793,5410,14100,13938,13455,13390,0.3368794326241135,0.3438800401779308,0.402081010776663
2583,DOÑIHUE,8514,8115,9423,17206,17461,18060,18424,0.4948273857956527,0.4647500143176221,0.5217607973421927
2762,EL BOSQUE,32513,62320,75827,139195,139338,138923,137677,0.2335787923416789,0.4472577473481749,0.545820346522894
2829,EL CARMEN,7031,5664,3774,12072,12165,12336,12500,0.5824221338634857,0.4655980271270037,0.3059338521400778
2806,EL MONTE,11837,13366,15075,25688,26123,27418,27822,0.4607988165680473,0.5116563947479232,0.5498212852870377
2566,EL QUISCO,5689,6082,7241,11176,11681,12914,13781,0.5090372226198998,0.5206745997774164,0.5607093077280471
2567,EL TABO,5026,4942,5842,9083,9295,10307,11931,0.5533414070241109,0.5316837009144701,0.5667992626370428
2615,EMPEDRADO,3021,2230,1513,4319,4332,4357,4621,0.6994674693216022,0.5147737765466297,0.347257287124168
2699,ERCILLA,4046,3033,2593,7909,7940,8058,8142,0.511569098495385,0.3819899244332494,0.3217920079424175
2763,ESTACION CENTRAL,33167,55101,62960,126374,126168,127362,127214,0.2624511371009859,0.4367272208483926,0.4943389708076192
2645,FLORIDA,5644,4922,3757,10124,10199,10269,10451,0.5574871592256025,0.482596332973821,0.3658584088031941
2679,FREIRE,9229,9306,7670,21997,22184,22759,22845,0.4195572123471382,0.4194915254237288,0.3370095346895733
2524,FREIRINA,3186,2663,2701,5591,5682,5899,6019,0.5698443927741013,0.4686730024639211,0.4578742159688083
2710,FRESIA,6467,5881,4683,11851,12019,12123,12233,0.5456923466374146,0.4893085947250187,0.3862905221479832
2711,FRUTILLAR,8244,7519,7908,14843,15232,16376,16778,0.5554133261470053,0.4936318277310924,0.4829018075232047
2734,FUTALEUFU,1521,953,965,3609,3631,3794,3856,0.4214463840399003,0.2624621316441752,0.2543489720611492
2819,FUTRONO,6546,6067,5712,13700,13949,14439,14637,0.4778102189781022,0.4349415728726074,0.3955952628298359
2680,GALVARINO,6480,5380,3753,11821,11929,11998,12157,0.5481769731833178,0.4510017604157934,0.3128021336889482
2825,GENERAL LAGOS,1237,598,313,2600,2421,2158,2006,0.4757692307692308,0.2470053696819496,0.1450417052826691
2681,GORBEA,7198,6853,5419,15308,15396,15478,15659,0.4702116540371048,0.4451156144453105,0.3501098333117974
2584,GRANEROS,12695,12777,15292,25563,25837,26614,26877,0.4966162031060517,0.4945233579749971,0.574584804989855
2741,GUAITECAS,1028,576,607,1618,1590,1594,1744,0.6353522867737948,0.3622641509433962,0.3808030112923463
2560,HIJUELAS,7211,6685,7648,14637,14810,15422,15609,0.4926555988248958,0.4513841998649561,0.4959149267280508
2735,HUALAIHUE,3938,3479,2871,7931,8119,8395,8692,0.4965325936199723,0.4285010469269615,0.3419892793329363
2626,HUALAÑE,6140,4732,4118,9232,9318,9580,9784,0.6650779896013865,0.5078342992058381,0.4298538622129436
2653,HUALPEN,27649,38059,43479,75974,76227,77416,77561,0.3639271329665412,0.4992850302386294,0.5616280872171128
2646,HUALQUI,8870,9086,9420,18967,19339,20096,20524,0.4676543470237781,0.4698278090904389,0.46875
2506,HUARA,2351,1571,1529,9294,9046,9041,9373,0.2529588982139014,0.1736679195224408,0.1691184603473067
2525,HUASCO,4246,3601,4236,7865,8030,8326,8409,0.5398601398601398,0.4484433374844334,0.508767715589719
2764,HUECHURABA,25569,35684,45939,66640,68039,72756,73498,0.3836884753901561,0.5244639104043269,0.6314118423222826
2532,ILLAPEL,12369,12098,12633,26737,27019,27634,27921,0.4626173467479523,0.4477589844183723,0.4571542302960122
2765,INDEPENDENCIA,23076,33945,38452,77520,78356,81550,82629,0.2976780185758514,0.4332150696819644,0.4715144083384427
2501,IQUIQUE,46406,67854,80220,157867,160432,167867,167553,0.2939563049909101,0.4229455470230378,0.4778783203369334
2807,ISLA DE MAIPO,8958,12833,15226,25244,25766,27290,27965,0.3548565995880209,0.4980594582007297,0.5579333089043605
2548,ISLA DE PASCUA,2418,1981,2726,5148,5302,6053,6299,0.4696969696969697,0.3736325914749151,0.4503551957706922
2544,JUAN FERNANDEZ,532,307,439,870,853,917,979,0.6114942528735632,0.3599062133645956,0.4787350054525627
2766,LA CISTERNA,21537,41212,45870,84017,83686,83559,83246,0.2563409786114715,0.4924599096623091,0.5489534341004559
2561,LA CRUZ,7491,7692,9006,13958,14333,15760,16329,0.5366814729903998,0.5366636433405428,0.5714467005076143
2597,LA ESTRELLA,2528,1659,1484,3563,3458,3456,3738,0.7095144541117037,0.4797570850202429,0.4293981481481481
2767,LA FLORIDA,85980,156158,181946,299996,301998,307743,307414,0.2866038213842851,0.5170828945887059,0.5912270953360433
2768,LA GRANJA,22351,45784,57302,105549,105302,104909,103905,0.2117594671669083,0.4347875633891094,0.546206712484153
2529,LA HIGUERA,2458,1822,1564,4168,4162,4286,4505,0.5897312859884837,0.4377703027390678,0.3649090060662623
2553,LA LIGUA,14634,14765,16001,28904,29355,30147,30181,0.5062967063382231,0.5029807528530063,0.5307659136895877
2769,LA PINTANA,29068,50714,72103,136563,137423,139554,139100,0.2128541405798057,0.3690357509296115,0.5166673832351635
2770,LA REINA,33369,54664,59192,90053,89772,91690,91556,0.3705484547988407,0.6089203760638061,0.6455665830515869
2526,LA SERENA,39130,76372,90133,156538,160944,172217,174853,0.2499712529864953,0.4745253007257183,0.5233687731176365
2818,LA UNION,14212,16071,14097,34977,35313,35500,35754,0.4063241558738599,0.4551015206864328,0.3970985915492958
2820,LAGO RANCO,4663,4064,3348,8865,8982,9253,9453,0.5260011280315848,0.4524604765085727,0.3618285961309846
2738,LAGO VERDE,903,453,373,1301,1196,1159,1329,0.6940814757878555,0.3787625418060201,0.3218291630716135
2748,LAGUNA BLANCA,555,313,201,1014,944,826,856,0.5473372781065089,0.3315677966101695,0.2433414043583535
2664,LAJA,9709,9344,9327,21053,21252,21446,21610,0.4611694295349831,0.4396762657632223,0.4349062762286673
2794,LAMPA,17496,23479,31387,47225,49911,57086,59623,0.3704817363684489,0.4704173428703092,0.5498195704726203
2812,LANCO,7238,7263,6697,15542,15702,16031,16266,0.46570582936559,0.4625525410775697,0.4177531033622356
2585,LAS CABRAS,10043,8592,8668,18970,19230,19945,20393,0.5294148655772272,0.446801872074883,0.4345951366257208
2771,LAS CONDES,89338,156112,166475,246481,251198,267875,269517,0.3624539011120533,0.6214699161617528,0.6214652356509566
2682,LAUTARO,12254,14701,12910,32327,33042,34059,34252,0.3790639403594519,0.4449185884631681,0.3790481223758772
2654,LEBU,9504,9776,8524,21406,21627,22183,22309,0.4439876670092497,0.4520275581449115,0.3842582157508002
2627,LICANTEN,4573,3298,2929,6827,6787,6838,6863,0.6698403398271568,0.4859289818771179,0.4283416203568295
2576,LIMACHE,13560,17408,20221,36327,37014,38584,39423,0.3732760756462136,0.4703085319068461,0.5240773377565829
2634,LINARES,26497,35762,36880,79055,80185,81791,81744,0.3351717158939979,0.4459936397081749,0.4509053563350491
2598,LITUECHE,4098,2817,2529,5899,5912,6158,6511,0.6946940159349042,0.4764884979702299,0.4106852874309841
2713,LLANQUIHUE,8517,7592,7826,15420,15642,16021,16179,0.5523346303501946,0.4853599283979031,0.4884838649272829
2571,LLAILLAY,8280,9631,11625,19766,20097,20722,20915,0.4189011433775169,0.4792257550878241,0.5609979731686131
2772,LO BARNECHEA,30366,46626,55257,71512,74117,81361,82669,0.4246280344557557,0.629086444405467,0.6791583190963729
2773,LO ESPEJO,22542,39777,50691,93841,93275,91888,90849,0.2402148314702529,0.4264486732779416,0.5516607173950897
2774,LO PRADO,22603,43141,51357,90731,90439,89765,88885,0.2491210280940362,0.4770176583111269,0.5721272210772573
2605,LOLOL,4215,2952,2433,6482,6554,6714,6889,0.6502622647331071,0.4504119621605127,0.3623771224307417
2683,LONCOCHE,8941,9539,8237,22151,22362,23045,23193,0.4036386619114261,0.4265718629818442,0.3574311130397049
2636,LONGAVI,14829,10963,7859,25285,25681,26445,26725,0.5864741941862764,0.4268914761886219,0.2971828322934392
2700,LONQUIMAY,6184,4455,3349,11560,11634,11965,12215,0.5349480968858131,0.3829293450232079,0.2798997074801504
2659,LOS ALAMOS,9657,8096,6650,17032,17286,17835,18060,0.5669915453264444,0.4683558949438852,0.3728623493131483
2549,LOS ANDES,19914,26340,31276,54356,54875,56032,55969,0.3663624990801384,0.48,0.5581810394060537
2661,LOS ANGELES,46310,66454,68740,153106,156194,161632,162845,0.302470184055491,0.4254580841773692,0.425287071866957
2813,LOS LAGOS,7961,8105,7518,18099,18267,18879,19069,0.4398585557213106,0.4436962829145454,0.3982202447163515
2712,LOS MUERMOS,7279,7053,5115,15456,15801,16238,16339,0.4709497929606625,0.4463641541674578,0.3150018475181673
2701,LOS SAUCES,4714,3606,2495,7367,7396,7360,7531,0.6398805483914755,0.4875608436992969,0.3389945652173913
2534,LOS VILOS,7463,7747,8875,17288,17434,18062,18266,0.4316867191115225,0.4443615922909258,0.4913630827150924
2647,LOTA,24335,23717,22990,48045,48093,47952,47936,0.5065043188677282,0.4931486910777036,0.4794377711044378
2702,LUMACO,5304,4363,2979,9016,9068,9145,9284,0.5882874889086069,0.4811424790471989,0.3257517769272827
2586,MACHALI,13462,17284,20937,31590,32912,35712,37103,0.4261475150364039,0.5251579970831308,0.5862735215053764
2775,MACUL,30936,51066,59968,99299,99498,101724,101340,0.3115439228995257,0.513236446963758,0.5895167315481106
2814,MAFIL,3480,3109,2853,6776,6854,6998,7155,0.51357733175915,0.4536037350452291,0.4076879108316662
2776,MAIPU,96840,192085,243011,370091,376042,389595,389758,0.2616653741917528,0.5108073034395094,0.6237528715717604
2587,MALLOA,6923,5862,5435,11722,11885,12101,12310,0.5905988739123017,0.49322675641565,0.4491364350053715
2599,MARCHIGUE,3931,3024,2926,6523,6570,6787,7068,0.6026368235474475,0.4602739726027397,0.4311183144246353
2516,MARIA ELENA,2264,1632,2138,6656,6607,6451,6370,0.3401442307692308,0.2470107461782957,0.3314214850410789
2803,MARIA PINTO,5384,4869,5473,10249,10440,11262,11495,0.5253195433700849,0.4663793103448276,0.4859705203338661
2815,MARIQUINA,8811,7901,7772,17661,17904,18622,18993,0.4988958722609139,0.4412980339588919,0.417355815701858
2616,MAULE,9340,9821,10877,19549,20151,22765,24526,0.4777737991713131,0.4873703538285941,0.4777948605315177
2714,MAULLIN,6775,5910,5095,15080,15154,15355,15413,0.4492705570291777,0.3899960406493335,0.3318137414522957
2509,MEJILLONES,4720,3679,5128,9003,9058,9825,10035,0.5242696878818172,0.4061603002870391,0.5219338422391857
2684,MELIPEUCO,3444,2596,2229,7207,7290,7512,7836,0.4778687387262384,0.3561042524005487,0.2967252396166134
2800,MELIPILLA,29786,41722,43134,90966,92804,96589,97217,0.3274410219202779,0.4495711391750356,0.4465725910818002
2628,MOLINA,19245,18608,19177,37419,37949,38926,39426,0.514310911568989,0.4903423015099212,0.4926527256846324
2538,MONTE PATRIA,11558,11007,11199,26550,27066,27916,28025,0.4353295668549906,0.4066725781423188,0.4011677890815303
2588,MOSTAZAL,10302,9686,11438,19381,19782,20649,20983,0.531551519529436,0.4896370437771712,0.553925129546225
2665,MULCHEN,13255,11649,10136,25929,26264,26725,26828,0.5112036715646573,0.4435348766372221,0.3792703461178671
2666,NACIMIENTO,11871,10686,10403,23950,24219,24636,24671,0.4956576200417537,0.4412238325281804,0.42226822536126
2606,NANCAGUA,7498,7045,7059,14494,14681,15115,15241,0.5173175106940803,0.4798719433281112,0.4670195170360569
2756,NATALES,7201,7591,7798,21128,21392,22396,22709,0.3408273381294964,0.3548522812266268,0.3481871762814788
2600,NAVIDAD,3471,2844,2914,5669,5779,6291,7008,0.612277297583348,0.4921266655130646,0.4632013988237164
2667,NEGRETE,5373,4248,3704,8530,8640,8912,9086,0.6298944900351701,0.4916666666666666,0.4156193895870736
2838,NINHUE,4324,2840,1920,6157,6049,6027,6325,0.7022900763358778,0.4694990907588031,0.3185664509706321
2562,NOGALES,9068,9047,10811,19101,19211,19641,19698,0.4747395424323334,0.4709281141012962,0.5504302224937629
2685,NUEVA IMPERIAL,13601,13967,12100,29637,29880,30516,30689,0.4589195937510544,0.4674364123159304,0.3965133044960021
2743,O'HIGGINS,430,237,236,740,699,714,791,0.581081081081081,0.3390557939914163,0.3305322128851541
2589,OLIVAR,6168,5987,6485,11723,11900,12305,12496,0.5261451846796895,0.503109243697479,0.5270215359609914
2513,OLLAGUE,1079,265,379,2202,2027,1788,1694,0.4900090826521344,0.1307350764676862,0.2119686800894855
2577,OLMUE,7955,7297,7878,14850,15216,16111,16406,0.5356902356902357,0.4795609884332282,0.4889826826391906
2726,OSORNO,37479,63938,70252,138682,140080,142947,143162,0.2702513664354422,0.4564391776127927,0.4914548748836982
2536,OVALLE,30350,36512,40338,87001,88386,91515,91832,0.3488465649820117,0.4130970968252891,0.4407801999672185
2808,PADRE HURTADO,14824,20113,26116,37889,39404,42789,44714,0.3912481195069809,0.5104304131560248,0.6103437799434434
2686,PADRE LAS CASAS,16272,24192,23953,54530,55662,57937,58858,0.298404547955254,0.4346232618303331,0.4134318311269137
2530,PAIHUANO,2993,2156,2414,4727,4769,5122,5389,0.6331711444891052,0.4520863912769973,0.4713002733307302
2816,PAILLACO,8800,8630,7673,18478,18706,19020,19259,0.4762420175343652,0.4613492996899389,0.4034174553101998
2799,PAINE,18731,23409,27952,47780,49054,52520,53793,0.3920259522812892,0.4772087903127166,0.5322162985529322
2736,PALENA,1183,783,636,2321,2302,2341,2362,0.5096940973718225,0.3401390095569069,0.2716787697565143
2607,PALMILLA,6009,4897,4336,9986,10094,10300,10428,0.6017424394151812,0.4851396869427382,0.4209708737864077
2817,PANGUIPULLI,12551,13241,12449,32816,33374,34621,35236,0.3824658703071672,0.3967459699167016,0.3595794460009821
2572,PANQUEHUE,3609,3097,3591,6137,6197,6371,6599,0.5880723480527945,0.4997579473939003,0.5636477789985873
2555,PAPUDO,3587,2993,3498,5184,5305,5643,6102,0.6919367283950617,0.5641847313854854,0.6198830409356725
2601,PAREDONES,4703,2932,2471,6581,6587,6660,7074,0.7146330344932381,0.4451191741308638,0.371021021021021
2637,PARRAL,17824,17240,14897,36525,37035,37730,37860,0.4879945242984257,0.4655056028081545,0.3948316989133316
2778,PEDRO AGUIRRE CERDA,28547,46720,55776,96273,95614,94170,93161,0.2965213507421603,0.4886313719748154,0.5922905383880217
2617,PELARCO,4561,3836,3391,8040,8097,8385,8540,0.5672885572139303,0.4737557119920958,0.4044126416219439
2624,PELLUHUE,4963,3676,2917,6895,6851,7375,7848,0.7197969543147208,0.5365640052547074,0.3955254237288136
2830,PEMUCO,5054,3836,2880,7903,8064,8132,8351,0.6395039858281665,0.4756944444444444,0.3541564190850959
2618,PENCAHUE,6656,5319,4169,10320,10231,10232,10505,0.6449612403100775,0.5198905287850649,0.4074472243940578
2648,PENCO,20291,21261,23135,40892,41331,42048,42200,0.4962095275359483,0.5144080714233868,0.5502045281582952
2608,PERALILLO,5678,4473,4540,9642,9766,10058,10082,0.5888819746940469,0.4580176121236945,0.4513819844899583
2687,PERQUENCO,3509,3005,2553,6347,6379,6631,6821,0.5528596187175043,0.4710769713121179,0.3850098024430704
2556,PETORCA,4808,4188,4639,9069,9119,9320,9462,0.5301576800088212,0.4592608838688453,0.4977467811158798
2590,PEUMO,7252,6196,6230,12311,12468,12719,12828,0.5890666883275121,0.4969521976259224,0.4898183819482664
2809,PEÑAFLOR,26372,34074,43186,66651,68024,71945,72543,0.3956729831510405,0.5009114430201106,0.6002640906247828
2779,PEÑALOLEN,50031,91593,115246,183451,185846,192235,191707,0.2727213261306834,0.4928435371221334,0.5995058131973886
2507,PICA,3140,2405,2435,5100,5000,5460,5779,0.615686274509804,0.481,0.445970695970696
2591,PICHIDEGUA,8077,7329,6471,15838,16114,16499,16858,0.5099760070716,0.4548218940052128,0.3922055882174677
2596,PICHILEMU,8263,7019,7618,12989,13345,14981,15875,0.6361536684887212,0.5259647808167853,0.5085107803217409
2831,PINTO,5917,5371,4300,10578,10716,11019,11329,0.5593685006617508,0.5012131392310564,0.3902350485525002
2791,PIRQUE,8053,10651,13102,20428,20881,21736,22646,0.3942138241629137,0.5100809348211293,0.6027788001472212
2688,PITRUFQUEN,9407,10061,8567,21681,22039,22765,23103,0.4338822010054887,0.4565089160125233,0.3763233033164946
2609,PLACILLA,5775,4186,3945,7964,7930,8118,8240,0.7251381215469613,0.5278688524590164,0.4859571322985957
2839,PORTEZUELO,4088,2845,2037,5878,5818,5758,5845,0.695474651241919,0.4889996562392575,0.3537686696769712
2753,PORVENIR,2171,2043,1895,6185,6183,6156,6159,0.3510105092966855,0.3304221251819505,0.3078297595841456
2503,POZO ALMONTE,5217,4322,4843,11189,11215,11866,11898,0.4662615068370721,0.3853767275969683,0.4081409067925164
2754,PRIMAVERA,536,289,253,1526,1416,1265,1341,0.3512450851900393,0.2040960451977401,0.2
2780,PROVIDENCIA,61484,89851,91745,162963,164311,169757,170255,0.3772880960708873,0.5468349654009774,0.5404489947395394
2545,PUCHUNCAVI,7757,6642,8658,13809,14026,15245,16007,0.5617351002969078,0.4735491230571795,0.5679239094785176
2689,PUCON,9075,9961,11376,24455,25198,27403,28338,0.3710897566959722,0.3953091515199619,0.4151370287924679
2781,PUDAHUEL,38961,76018,99728,161613,163680,168418,168984,0.2410759035473631,0.464430596285435,0.5921457326414041
2790,PUENTE ALTO,85471,163377,228628,374571,382776,398965,399739,0.2281837088295677,0.4268214308107091,0.5730527740528618
2707,PUERTO MONTT,44148,74569,88206,171141,174918,184367,186565,0.2579627324837415,0.4263083273305206,0.4784261825597856
2727,PUERTO OCTAY,4388,3986,8567,8684,8772,8891,9024,0.5052970981114694,0.4544003647970816,0.9635586548194804
2715,PUERTO VARAS,15610,18255,21854,36391,37759,41030,42326,0.4289522134593718,0.4834608967398501,0.5326346575676334
2610,PUMANQUE,2765,1784,1574,3903,3833,3859,4333,0.7084294132718422,0.4654317766762327,0.4078776885203421
2539,PUNITAQUI,5084,4565,4175,9944,10130,10557,10763,0.5112630732099759,0.4506416584402764,0.3954721985412523
2747,PUNTA ARENAS,33115,48763,54119,120557,121321,122555,122525,0.2746833448078502,0.4019337130422598,0.4415894904328669
2721,PUQUELDON,2343,1474,1194,4251,4280,4347,4442,0.5511644318983768,0.344392523364486,0.274672187715666
2703,PUREN,6341,5329,4291,11917,12022,12182,12233,0.5320970042796006,0.4432706704375312,0.3522410113281891
2728,PURRANQUE,8260,9010,7891,19534,19632,19775,19882,0.4228524623732978,0.4589445802770986,0.399039190897598
2573,PUTAENDO,5894,5964,7246,13077,13290,13859,14044,0.4507149957941424,0.4487584650112867,0.5228371455371961
2824,PUTRE,2585,1953,1075,6369,6246,5554,6059,0.4058721934369603,0.3126801152737752,0.1935541951746489
2729,PUYEHUE,6018,5549,4693,11002,11114,11456,11597,0.5469914560988911,0.4992801871513407,0.4096543296089386
2722,QUEILEN,3583,2256,1494,5979,5957,6041,6325,0.5992640909851146,0.3787141178445526,0.2473100480052971
2723,QUELLON,8812,8321,8657,21077,21481,22566,22826,0.4180860653793234,0.3873655788836646,0.3836302401843482
2724,QUEMCHI,4513,2928,2324,8752,8795,8966,9067,0.5156535648994516,0.3329164297896532,0.2592014276154361
2668,QUILACO,2560,1920,1554,4158,4150,4255,4360,0.6156806156806157,0.4626506024096386,0.3652173913043478
2782,QUILICURA,37040,60850,84078,125232,128414,138256,139914,0.2957710489331799,0.4738579905617767,0.6081327392662886
2669,QUILLECO,5171,3984,3240,9026,9132,9309,9648,0.5729005096388212,0.4362680683311432,0.3480502739284563
2832,QUILLON,7821,6678,5913,14641,14834,15370,15682,0.5341848234410218,0.4501820142914925,0.3847104749512036
2558,QUILLOTA,24454,34042,38993,72390,73240,75056,75479,0.3378090896532669,0.464800655379574,0.5195187593263696
2575,QUILPUE,38724,63140,74057,126962,129100,133318,134448,0.3050046470597502,0.4890782339271882,0.5554913815088736
2725,QUINCHAO,4147,2619,2989,9111,9128,9241,9410,0.4551640873669191,0.2869193689745837,0.3234498430905746
2592,QUINTA DE TILCOCO,6880,6521,6460,11748,11916,12324,12467,0.5856315968675521,0.5472473984558577,0.5241804608893217
2783,QUINTA NORMAL,24961,46799,55023,101589,101796,102553,102529,0.2457057358572286,0.4597331918739439,0.5365323296246819
2546,QUINTERO,11459,10695,12943,22182,22754,24237,24756,0.5165900279505906,0.4700272479564033,0.5340182365804349
2835,QUIRIHUE,6521,5229,3986,10592,10738,10935,11005,0.6156533232628398,0.4869621903520209,0.3645176040237769
2579,RANCAGUA,52826,89644,107280,187989,189939,194541,194487,0.2810058035310576,0.4719620509742601,0.5514518790383518
2840,RANQUIL,3632,2684,2199,5517,5504,5541,5823,0.6583288018850825,0.4876453488372093,0.3968597726042231
2629,RAUCO,5223,4700,4217,9339,9446,9726,9956,0.5592675875361388,0.4975651069235655,0.4335800945918157
2784,RECOLETA,41062,62807,76259,140760,141758,143902,142696,0.291716396703609,0.4430578873855444,0.5299370404858862
2704,RENAICO,5107,4283,3745,9052,9168,9497,9886,0.5641847105612019,0.4671684118673647,0.3943350531746868
2785,RENCA,31453,49289,65223,114853,115189,117169,116730,0.2738544051962074,0.4278967609754404,0.5566574776604734
2593,RENGO,19145,22713,24849,46304,47074,48249,48595,0.413463199723566,0.4824956451544377,0.515015855250886
2594,REQUINOA,9132,10449,12077,21352,21771,22679,23028,0.4276882727613338,0.4799503927242662,0.5325190705057542
2638,RETIRO,9224,7931,5206,16224,16427,17155,17602,0.5685404339250493,0.4828027028672308,0.3034683765665986
2551,RINCONADA,5711,4399,5434,8499,8675,9195,9470,0.6719614072243794,0.5070893371757925,0.5909733550842851
2821,RIO BUENO,12686,13231,11645,29770,30164,30616,30793,0.4261336916358751,0.4386354594881315,0.3803566762477136
2619,RIO CLARO,6638,5452,4796,11053,11245,11633,12024,0.6005609336831629,0.4848377056469542,0.4122754233645663
2540,RIO HURTADO,2496,2000,1638,4697,4739,4690,4938,0.531403023206302,0.422029964127453,0.3492537313432836
2746,RIO IBAÑEZ,1875,1464,932,2797,2886,2861,2917,0.6703611011798355,0.5072765072765073,0.3257602236980077
2730,RIO NEGRO,6551,6291,5165,13081,13154,13243,13459,0.5008026909257702,0.4782575642390147,0.3900173676659367
2749,RIO VERDE,510,236,183,898,825,771,883,0.5679287305122495,0.2860606060606061,0.2373540856031128
2630,ROMERAL,6958,6752,6452,13022,13178,13699,13823,0.5343265243434189,0.5123691000151768,0.4709832834513468
2690,SAAVEDRA,6412,5302,4021,12681,12801,13030,13270,0.5056383565964829,0.4141863916881494,0.3085955487336915
2631,SAGRADA FAMILIA,9475,7795,7657,15172,15366,15801,15984,0.6245056683364092,0.5072888194715606,0.4845895829377888
2535,SALAMANCA,9901,9632,10523,21727,22174,23171,23431,0.4557002807566622,0.4343826102642735,0.4541452677916361
2563,SAN ANTONIO,23717,37628,44052,76843,77270,78551,78443,0.3086422966307927,0.486967775333247,0.5608076281651411
2796,SAN BERNARDO,52960,94427,119861,218593,221169,228270,228196,0.2422767426221334,0.426945005855251,0.5250843299601349
2842,SAN CARLOS,19059,20824,18128,45668,46396,47391,47717,0.417338179907156,0.4488317958444694,0.3825198877423984
2620,SAN CLEMENTE,15947,16578,14891,34887,35529,36760,37168,0.4571043655229742,0.466604745419235,0.4050870511425462
2552,SAN ESTEBAN,7495,7382,8638,13995,14204,14902,15281,0.5355484101464809,0.5197127569698676,0.5796537377533217
2845,SAN FABIAN,2942,2103,1899,4575,4633,4841,5112,0.6430601092896174,0.4539175480250378,0.3922743234868829
2569,SAN FELIPE,22394,27722,33396,58464,58965,60048,60075,0.3830391351943076,0.4701433053506318,0.5561550759392486
2602,SAN FERNANDO,24506,30726,33307,60112,60962,62749,62989,0.407672344956082,0.5040188970178143,0.5307973035426861
2750,SAN GREGORIO,552,258,205,1201,1072,901,971,0.4596169858451291,0.2406716417910448,0.2275249722530522
2833,SAN IGNACIO,7875,6458,4950,13694,13950,14396,14632,0.5750693734482255,0.4629390681003584,0.3438455126424007
2639,SAN JAVIER,15747,17076,15427,36977,37641,38960,39254,0.4258593179544041,0.453654259982466,0.3959702258726899
2786,SAN JOAQUIN,19955,40021,48221,84181,83527,83179,82325,0.2370487402145377,0.4791384821674429,0.5797256519073324
2792,SAN JOSE DE MAIPO,6255,7344,8928,14613,14860,15619,15853,0.4280435228905769,0.4942126514131898,0.5716114988155452
2731,SAN JUAN DE LA COSTA,3794,3739,3177,7671,7699,7858,8197,0.4945900143397211,0.4856474866865827,0.4043013489437516
2787,SAN MIGUEL,26662,49529,56571,97322,99938,104331,105090,0.2739565565853558,0.4955972703075907,0.5422261839721655
2846,SAN NICOLAS,6816,5615,4741,10450,10618,11446,11730,0.6522488038277512,0.5288189866264833,0.4142058360999476
2732,SAN PABLO,5168,4893,4091,9698,9721,9857,10188,0.5328933800783666,0.5033432774405925,0.4150350005072537
2804,SAN PEDRO,4542,3288,3029,7682,7846,8246,8486,0.5912522780525905,0.4190670405302065,0.3673296143584768
2514,SAN PEDRO DE ATACAMA,3021,2521,3337,5680,5903,6928,7194,0.5318661971830986,0.4270709808571913,0.4816685912240185
2649,SAN PEDRO DE LA PAZ,26196,41656,49632,78376,80495,87799,89479,0.3342349698887415,0.5174979812410708,0.5652911764370893
2621,SAN RAFAEL,4700,4059,3756,7698,7847,8277,8500,0.6105481943361912,0.5172677456352747,0.4537876042044219
2788,SAN RAMON,23506,37444,45267,82969,82960,82360,81793,0.2833106340922513,0.4513500482160077,0.5496236036911122
2670,SAN ROSENDO,3037,2167,1958,4557,4511,4390,4424,0.6664472240509107,0.4803812901795611,0.4460136674259681
2595,SAN VICENTE,17462,17908,19897,38216,38951,40357,40523,0.4569290349591794,0.4597571307540243,0.4930247540699259
2671,SANTA BARBARA,6610,5783,4654,12753,13008,13245,13318,0.5183094173919862,0.4445725707257073,0.3513778784446961
2611,SANTA CRUZ,13108,13516,13556,29771,30272,31031,31217,0.4402942460783985,0.446485200845666,0.4368534691115336
2650,SANTA JUANA,6594,5805,5141,12191,12313,12566,13026,0.5408908210975311,0.4714529359213839,0.4091198472067484
2574,SANTA MARIA,5466,5769,6467,11362,11567,11930,12123,0.4810772751276184,0.498746433820351,0.542078792958927
2758,SANTIAGO,67533,129690,149717,302535,312750,337288,340282,0.2232237592344687,0.4146762589928058,0.4438847513104528
2568,SANTO DOMINGO,5557,6392,6623,10370,10455,10898,11535,0.5358727097396335,0.6113821138211382,0.6077261882914297
2510,SIERRA GORDA,1507,722,856,4069,3588,3166,3364,0.3703612681248464,0.2012263099219621,0.2703727100442198
2805,TALAGANTE,20865,29905,34323,54260,55214,57618,58141,0.3845374124585329,0.5416198790161916,0.5956992606477143
2612,TALCA,56576,88083,97136,172322,174921,179416,179640,0.3283155952228967,0.5035587493782908,0.5414009898782717
2651,TALCAHUANO,35394,60944,67865,132514,133151,132833,132327,0.2670963068053187,0.457705912835803,0.5109046697733244
2511,TALTAL,4839,3978,4665,9997,10133,10408,10511,0.4840452135640692,0.3925787032468173,0.4482129131437356
2675,TEMUCO,59988,105454,117106,225121,228212,235933,236909,0.2664700316718565,0.4620878831963262,0.4963527781192118
2632,TENO,10650,10467,10356,23257,23742,24650,24958,0.4579266457410672,0.4408642911296437,0.4201217038539554
2691,TEODORO SCHMIDT,7838,6719,4819,13848,13835,13991,14036,0.566002310803004,0.4856523310444525,0.3444357086698592
2519,TIERRA AMARILLA,7175,5444,5785,12718,12577,12762,12798,0.5641610316087435,0.4328536216903872,0.4532988559786867
2795,TILTIL,6179,6635,8051,13602,13799,14369,14869,0.45427143067196,0.4808319443437929,0.5603034309972859
2755,TIMAUKEL,592,191,94,1124,974,829,798,0.5266903914590747,0.1960985626283368,0.1133896260554885
2660,TIRUA,5248,3985,3097,8513,8720,9101,9156,0.6164689298719606,0.4569954128440367,0.3402922755741127
2515,TOCOPILLA,8558,8281,10287,21742,21912,22316,22335,0.3936160426823659,0.3779207740051114,0.460969707832945
2692,TOLTEN,5419,4358,3398,10315,10438,10544,10591,0.5253514299563742,0.4175129335121671,0.322268588770865
2652,TOME,22121,23900,23518,48557,49053,49622,49849,0.4555676833412278,0.4872281002181314,0.4739430091491677
2757,TORRES DEL PAINE,1276,558,592,1872,1747,1734,1691,0.6816239316239316,0.3194046937607327,0.3414071510957324
2744,TORTEL,383,238,207,564,546,546,599,0.6790780141843972,0.4358974358974359,0.3791208791208791
2705,TRAIGUEN,8917,8194,6402,18393,18582,18666,18639,0.4848040015223183,0.4409643741254978,0.3429765348762456
2841,TREHUACO,4673,3078,2115,6182,6098,5883,6424,0.7559042381106438,0.5047556575926533,0.3595104538500765
2672,TUCAPEL,7460,5438,5255,12281,12518,12890,13071,0.6074423906847977,0.4344144432017894,0.4076803723816913
2810,VALDIVIA,40953,65281,75152,130664,132345,137420,138619,0.3134222126982184,0.4932638180513053,0.5468781836704992
2522,VALLENAR,17006,19342,21075,44204,44821,45465,45529,0.3847163152655868,0.4315387876218737,0.463543385021445
2541,VALPARAISO,88208,120441,148172,284198,285301,290851,290125,0.3103751609793172,0.4221541459721487,0.509442979394948
2633,VICHUQUEN,3812,2409,2232,5041,4965,5097,5474,0.7561991668319777,0.4851963746223565,0.4379046497939965
2706,VICTORIA,12245,13870,12373,31830,32115,32578,32716,0.3846999685830977,0.4318854118013389,0.3797961814721591
2531,VICUÑA,11319,9966,10857,21667,22062,23097,23678,0.5224073475792679,0.4517269513190101,0.4700610468892064
2693,VILCUN,10072,10302,9119,22614,23004,23981,24470,0.4453878128592907,0.4478351591027647,0.3802593720028356
2640,VILLA ALEGRE,7297,6302,5435,12925,13069,13509,13869,0.5645647969052224,0.4822098094727982,0.4023243763416982
2578,VILLA ALEMANA,29208,46332,53381,91418,93284,96896,98544,0.3194994421229955,0.4966768148878693,0.5509102542932629
2694,VILLARRICA,15851,20929,21744,49042,50205,53705,54948,0.3232127564128706,0.4168708295986456,0.4048785029326878
2789,VITACURA,38013,58756,60325,84393,85041,88737,89311,0.4504283530624578,0.690913794522642,0.6798178888175169
2547,VIÑA DEL MAR,78224,137327,161073,294906,295845,301101,301369,0.2652506222321689,0.4641856377494972,0.5349467454442197
2641,YERBAS BUENAS,7088,6730,5606,13768,13995,14545,14836,0.5148169668797211,0.480886030725259,0.3854245445170161
2673,YUMBEL,10736,9261,7476,19484,19700,19862,20144,0.5510162184356395,0.4701015228426396,0.3763971402678482
2834,YUNGAY,7345,6690,6891,15353,15687,16167,16320,0.4784081287044877,0.4264677758653662,0.4262386342549638
2557,ZAPALLAR,4236,4137,4909,7244,7356,7930,8709,0.5847598012147984,0.5623980424143556,0.6190416141235814
2844,ÑIQUEN,5994,4689,3258,10166,10235,10388,10642,0.5896124336022034,0.4581338544211041,0.3136311128224875
2777,ÑUÑOA,65013,113044,125217,182372,185175,195466,197198,0.3564856447261641,0.6104711759146753,0.6406075736956811
